{"cameraMode":{"drawMode":0,"name":"Shaded","section":"Shading Mode"},"sceneLighting":true,"audioPlay":false,"sceneViewState":{"m_AlwaysRefresh":false,"showFog":true,"showSkybox":true,"showFlares":true,"showImageEffects":true,"showParticleSystems":true,"showVisualEffectGraphs":true,"m_FxEnabled":true},"in2DMode":false,"pivot":{"x":-1.7838901281356812,"y":0.8661175966262817,"z":1.0221264362335206},"rotation":{"x":-0.014706287533044815,"y":-0.9820706844329834,"z":0.16687005758285523,"w":-0.08654112368822098},"size":1.0505415201187134,"orthographic":false}